[
    {
        "name": "login",
        "url": "http://localhost:3000/"
    },
    {
        "name": "euronet-connector",
        "url": "http://localhost:3005/"
    },
    {
        "name": "signup",
        "url": "http://localhost:3000/"
    },
    {
        "name": "accounts",
        "url": "http://localhost:3001/"
    },
    {
        "name": "debit",
        "url": "http://localhost:3022/"
    },
    {
        "name": "mapping",
        "url": "http://localhost:3010/"
    },
    {
        "name": "beneficiary",
        "url": "http://localhost:3008/"
    },
    {
        "name": "credit",
        "url": "http://localhost:3009/"
    },
    {
        "name": "investment",
        "url": "http://localhost:3025/"
    },
    {
        "name": "customer",
        "url": "http://localhost:3018/"
    },
    {
        "name": "fawry",
        "url": "http://localhost:3020/"
    },
    {
        "name": "fawry-connector",
        "url": "http://localhost:3015/"
    },
    {
        "name": "smtp",
        "url": "http://localhost:3022/"
    },
    {
        "name": "statistics",
        "url": "http://localhost:3020/"
    },
    {
        "name": "t24-connector",
        "url": "http://localhost:3006/"
    },
    {
        "name": "ni-connector-microservice",
        "url": "http://localhost:3070/"
    }
]