{
	"info": {
		"_postman_id": "a6da473c-f9fd-48d2-9cf1-ae254b42ecad",
		"name": "AAIB - Mapping",
		"schema": "https://schema.getpostman.com/json/collection/v2.1.0/collection.json"
	},
	"item": [
		{
			"name": "Get Mapping",
			"event": [
				{
					"listen": "test",
					"script": {
						"exec": [
							""
						],
						"type": "text/javascript"
					}
				}
			],
			"protocolProfileBehavior": {
				"disableBodyPruning": true
			},
			"request": {
				"auth": {
					"type": "bearer",
					"bearer": [
						{
							"key": "token",
							"value": "Bearer {{token}}",
							"type": "string"
						}
					]
				},
				"method": "GET",
				"header": [
					{
						"key": "Accept-Language",
						"value": "en",
						"type": "text"
					}
				],
				"body": {
					"mode": "raw",
					"raw": "",
					"options": {
						"raw": {
							"language": "json"
						}
					}
				},
				"url": {
					"raw": "{{url-mapping}}/mapping/card",
					"host": [
						"{{url-mapping}}"
					],
					"path": [
						"mapping",
						"card"
					]
				}
			},
			"response": [
				{
					"name": "Get Mapping",
					"originalRequest": {
						"method": "GET",
						"header": [
							{
								"key": "Authorization",
								"value": "Bearer {{token}}",
								"type": "text"
							},
							{
								"key": "Accept-Language",
								"value": "en",
								"type": "text"
							}
						],
						"body": {
							"mode": "raw",
							"raw": "",
							"options": {
								"raw": {
									"language": "json"
								}
							}
						},
						"url": {
							"raw": "{{url-mapping}}/mapping/card",
							"host": [
								"{{url-mapping}}"
							],
							"path": [
								"mapping",
								"card"
							]
						}
					},
					"status": "OK",
					"code": 200,
					"_postman_previewlanguage": "json",
					"header": [],
					"cookie": [],
					"body": "{\n    \"statusCode\": \"10000\",\n    \"message\": \"Success\",\n    \"data\": [\n        {\n            \"E-proofNumber\": 4524,\n            \"BIN\": 415326,\n            \"cardName\": \"Visa Gold Credit Card\",\n            \"cardType\": \"Credit Card\",\n            \"EGP\": 225,\n            \"USD\": 0\n        },\n        {\n            \"E-proofNumber\": 4526,\n            \"BIN\": 469680,\n            \"cardName\": \"Visa Platinum Credit Card\",\n            \"cardType\": \"Credit Card\",\n            \"EGP\": 300,\n            \"USD\": 0\n        },\n        {\n            \"E-proofNumber\": 4527,\n            \"BIN\": 458783,\n            \"cardName\": \"Visa Platinum Wealth Credit Card\",\n            \"cardType\": \"Credit Card\",\n            \"EGP\": 300,\n            \"USD\": 0\n        },\n        {\n            \"E-proofNumber\": 4520,\n            \"BIN\": 527109,\n            \"cardName\": \"MasterCard Titanium Credit Card\",\n            \"cardType\": \"Credit Card\",\n            \"EGP\": 225,\n            \"USD\": 0\n        },\n        {\n            \"E-proofNumber\": 5027,\n            \"BIN\": 515485,\n            \"cardName\": \"MasterCard World Elite Credit Card\",\n            \"cardType\": \"Credit Card\",\n            \"EGP\": 2500,\n            \"USD\": 0\n        },\n        {\n            \"E-proofNumber\": 5026,\n            \"BIN\": 403010,\n            \"cardName\": \"Visa Signature Credit Card\",\n            \"cardType\": \"Credit Card\",\n            \"EGP\": 1500,\n            \"USD\": 0\n        },\n        {\n            \"E-proofNumber\": 5150,\n            \"BIN\": 465578,\n            \"cardName\": \"Visa Platinum Debit Card\",\n            \"cardType\": \"Debit Card\",\n            \"EGP\": 100,\n            \"USD\": 0\n        },\n        {\n            \"E-proofNumber\": 5154,\n            \"BIN\": 558587,\n            \"cardName\": \"MasterCard Platinum Debit Card\",\n            \"cardType\": \"Debit Card\",\n            \"EGP\": 100,\n            \"USD\": 0\n        },\n        {\n            \"E-proofNumber\": 4522,\n            \"BIN\": 460014,\n            \"cardName\": \"Visa Classic Debit Card\",\n            \"cardType\": \"Debit Card\",\n            \"EGP\": 60,\n            \"USD\": 3\n        },\n        {\n            \"E-proofNumber\": 4521,\n            \"BIN\": 476575,\n            \"cardName\": \"Visa Classic Debit Card (USD)\",\n            \"cardType\": \"Debit Card\",\n            \"EGP\": 60,\n            \"USD\": 3\n        },\n        {\n            \"E-proofNumber\": 4519,\n            \"BIN\": 537017,\n            \"cardName\": \"MasterCard Classic Debit Card\",\n            \"cardType\": \"Debit Card\",\n            \"EGP\": 60,\n            \"USD\": 3\n        },\n        {\n            \"E-proofNumber\": 5002,\n            \"BIN\": 530509,\n            \"cardName\": \"MasterCard Debit Card\",\n            \"cardType\": \"Debit Card\",\n            \"EGP\": 60,\n            \"USD\": 3\n        },\n        {\n            \"E-proofNumber\": 4524,\n            \"BIN\": 454835,\n            \"cardName\": \"Visa Gold Credit Card\",\n            \"cardType\": \"Credit Card\",\n            \"EGP\": 225,\n            \"USD\": 0\n        }\n    ]\n}"
				}
			]
		},
		{
			"name": "Get Cards Mapping",
			"event": [
				{
					"listen": "test",
					"script": {
						"exec": [
							""
						],
						"type": "text/javascript"
					}
				}
			],
			"protocolProfileBehavior": {
				"disableBodyPruning": true
			},
			"request": {
				"auth": {
					"type": "bearer",
					"bearer": [
						{
							"key": "token",
							"value": "Bearer {{token}}",
							"type": "string"
						}
					]
				},
				"method": "GET",
				"header": [
					{
						"key": "Accept-Language",
						"value": "en",
						"type": "text"
					}
				],
				"body": {
					"mode": "raw",
					"raw": "",
					"options": {
						"raw": {
							"language": "json"
						}
					}
				},
				"url": {
					"raw": "{{url-mapping}}/mapping",
					"host": [
						"{{url-mapping}}"
					],
					"path": [
						"mapping"
					]
				}
			},
			"response": [
				{
					"name": "Get Cards Mapping",
					"originalRequest": {
						"method": "GET",
						"header": [
							{
								"key": "Authorization",
								"value": "Bearer {{token}}",
								"type": "text"
							},
							{
								"key": "Accept-Language",
								"value": "en",
								"type": "text"
							}
						],
						"body": {
							"mode": "raw",
							"raw": "",
							"options": {
								"raw": {
									"language": "json"
								}
							}
						},
						"url": {
							"raw": "{{url-mapping}}/mapping",
							"host": [
								"{{url-mapping}}"
							],
							"path": [
								"mapping"
							]
						}
					},
					"status": "OK",
					"code": 200,
					"_postman_previewlanguage": "json",
					"header": [],
					"cookie": [],
					"body": "{\n    \"statusCode\": \"10000\",\n    \"message\": \"Success\",\n    \"data\": [\n        {\n            \"key\": \"Certificate Dep\",\n            \"value\": \"Certificates of Deposits\"\n        },\n        {\n            \"key\": \"Time Deposits\",\n            \"value\": \"Time Deposits\"\n        },\n        {\n            \"key\": \"Long Term T/D\",\n            \"value\": \"Long Term Time Deposits\"\n        },\n        {\n            \"description\": \"Current Accounts - Demand\",\n            \"key\": \"CurrAcc Demand\",\n            \"value\": \"Current Account {Currency}\"\n        },\n        {\n            \"description\": \"Current Accounts - Call\",\n            \"key\": \"CurrAcc Call\",\n            \"value\": \"Current Account {Currency}\"\n        },\n        {\n            \"description\": \"Current Account (CORPERATE WEALTH)\",\n            \"key\": \"CORPERATE WEALT\",\n            \"value\": \"Current Account {Currency}\"\n        },\n        {\n            \"description\": \"Current Account (INDIVDUAL WEALTH)\",\n            \"key\": \"INDIVDUAL WEALT\",\n            \"value\": \"Current Account {Currency}\"\n        },\n        {\n            \"description\": \"CURRENT ACCOUNT (INDIVIDUAL EDGE)\",\n            \"key\": \"INDIVIDUAL EDGE\",\n            \"value\": \"Current Account {Currency}\"\n        },\n        {\n            \"description\": \"Saving accounts - Monthly\",\n            \"key\": \"SAVING AC MONTH\",\n            \"value\": \"Savings Account {Currency}\"\n        },\n        {\n            \"description\": \"Saving accounts - Quarterly\",\n            \"key\": \"SAVING AC QUART\",\n            \"value\": \"Savings Account {Currency}\"\n        },\n        {\n            \"description\": \"Saving accounts - Semi Annually\",\n            \"key\": \"SAVING AC SEM A\",\n            \"value\": \"Savings Account {Currency}\"\n        },\n        {\n            \"description\": \"Saving accounts - Annually\",\n            \"key\": \"SAVING AC ANUAL\",\n            \"value\": \"Savings Account {Currency}\"\n        },\n        {\n            \"description\": \"Saving Staff Account\",\n            \"key\": \"Staff Account\",\n            \"value\": \"Savings Staff Account {Currency}\"\n        },\n        {\n            \"key\": \"Unsecure R.Loan\",\n            \"value\": \"Unsecure Retail Loans\"\n        },\n        {\n            \"key\": \"Secure Retail L\",\n            \"value\": \"Secured Retail Loans\"\n        },\n        {\n            \"key\": \"Semi-Secure R L\",\n            \"value\": \"Semi-Secure Retail Loans\"\n        },\n        {\n            \"key\": \"Credit Card\",\n            \"value\": \"Credit Cards\"\n        },\n        {\n            \"key\": \"VS LOCAL SEC.\",\n            \"value\": \"Visa Card - Local Secured\"\n        },\n        {\n            \"key\": \"VS CLASSIC SEC.\",\n            \"value\": \"Visa Card - Classic Secured\"\n        },\n        {\n            \"key\": \"VS GOLD SEC.\",\n            \"value\": \"Visa Card - Gold Secured\"\n        },\n        {\n            \"key\": \"MC CLASSIC SEC.\",\n            \"value\": \"Master Card - Classic Secured\"\n        },\n        {\n            \"key\": \"MC CLASSIC CHIP\",\n            \"value\": \"MASTER CARD - Classic CHIP Sec\"\n        },\n        {\n            \"key\": \"VS PLATINUM SEC\",\n            \"value\": \"Visa Card - Platinum Retail Se\"\n        },\n        {\n            \"key\": \"VS PLATINUM SEC\",\n            \"value\": \"Visa Card - Platinum Wealth Se\"\n        },\n        {\n            \"key\": \"MC TITANUM SEC\",\n            \"value\": \"Master Card - TITANIUM Secured\"\n        },\n        {\n            \"key\": \"MC TITANUM INST\",\n            \"value\": \"Master Card - TITANIUM install\"\n        },\n        {\n            \"key\": \"VS LOCAL UNSEC.\",\n            \"value\": \"Visa Card - Local Unsecured\"\n        },\n        {\n            \"key\": \"VS CLASIC UNSEC\",\n            \"value\": \"Visa Card - Classic Unsecured\"\n        },\n        {\n            \"key\": \"VS GOLD UNSEC\",\n            \"value\": \"Visa Card - Gold Unsecured\"\n        },\n        {\n            \"key\": \"MC CLASIC UNSEC\",\n            \"value\": \"Master Card - Classic Unsecured\"\n        },\n        {\n            \"key\": \"MC CLASIC UNSEC\",\n            \"value\": \"MASTER CARD - Classic CHIP Unsecure\"\n        },\n        {\n            \"key\": \"VS PLATIN.UNSEC\",\n            \"value\": \"Visa Card - Platinum Retail Unsecur\"\n        },\n        {\n            \"key\": \"VS PLATIN.UNSEC\",\n            \"value\": \"Visa Card - Platinum Wealth Unsecur\"\n        },\n        {\n            \"key\": \"MC TITANM UNSEC\",\n            \"value\": \"Master Card - TITANIUM Unsecured\"\n        },\n        {\n            \"key\": \"MC TITANUM INST\",\n            \"value\": \"Master Card - TITANIUM installment\"\n        },\n        {\n            \"key\": \"VS LOCAL UNSEC.\",\n            \"value\": \"Visa Card - Local Unsecured\"\n        },\n        {\n            \"key\": \"VS CLASIC UNSEC\",\n            \"value\": \"Visa Card - Classic Unsecured\"\n        },\n        {\n            \"key\": \"VS GOLD UNSEC\",\n            \"value\": \"Visa Card - Gold Unsecured\"\n        },\n        {\n            \"key\": \"MC CLASIC UNSEC\",\n            \"value\": \"Master Card - Classic Unsecure\"\n        },\n        {\n            \"key\": \"MC CLASIC UNSEC\",\n            \"value\": \"MASTER CARD - Classic CHIP Uns\"\n        },\n        {\n            \"key\": \"VS PLATIN UNSEC\",\n            \"value\": \"Visa Card - Platinum Retail Un\"\n        },\n        {\n            \"key\": \"VS PLATIN UNSEC\",\n            \"value\": \"Visa Card - Platinum Wealth Un\"\n        },\n        {\n            \"key\": \"MC TITANM UNSEC\",\n            \"value\": \"Master Card - TITANIUM Unsecur\"\n        },\n        {\n            \"key\": \"MC TITANM INSTL\",\n            \"value\": \"Master Card - TITANIUM install\"\n        }\n    ]\n}"
				}
			]
		}
	]
}